{
  "uncertain_boundary_u1__rule": {
    "episode": 0,
    "preset_name": "uncertain_boundary_case_u1",
    "mean_power": 0.5321323275566101,
    "mean_comm": 0.46181872487068176,
    "mean_road": 0.40995070338249207,
    "mean_critical": 0.5942252278327942,
    "backbone_mean": 0.4354366958141327,
    "material_stock": 0.14587759971618652,
    "switching_capability": 0.4632529616355896,
    "stage_indicator": 0.5
  },
  "uncertain_boundary_u1__llm_proxy": {
    "episode": 0,
    "preset_name": "uncertain_boundary_case_u1",
    "mean_power": 0.5321323275566101,
    "mean_comm": 0.46181872487068176,
    "mean_road": 0.40995070338249207,
    "mean_critical": 0.5942252278327942,
    "backbone_mean": 0.4354366958141327,
    "material_stock": 0.14587759971618652,
    "switching_capability": 0.4632529616355896,
    "stage_indicator": 0.5
  },
  "uncertain_boundary_u2__rule": {
    "episode": 0,
    "preset_name": "uncertain_boundary_case_u2",
    "mean_power": 0.50213223695755,
    "mean_comm": 0.5618187785148621,
    "mean_road": 0.5599507093429565,
    "mean_critical": 0.5175585746765137,
    "backbone_mean": 0.5754366517066956,
    "material_stock": 0.33587759733200073,
    "switching_capability": 0.6332529783248901,
    "stage_indicator": 0.5
  },
  "uncertain_boundary_u2__llm_proxy": {
    "episode": 0,
    "preset_name": "uncertain_boundary_case_u2",
    "mean_power": 0.50213223695755,
    "mean_comm": 0.5618187785148621,
    "mean_road": 0.5599507093429565,
    "mean_critical": 0.5175585746765137,
    "backbone_mean": 0.5754366517066956,
    "material_stock": 0.33587759733200073,
    "switching_capability": 0.6332529783248901,
    "stage_indicator": 0.5
  },
  "definition_shift_d1__rule": {
    "episode": 0,
    "preset_name": "definition_shift_case_d1",
    "mean_power": 0.692132294178009,
    "mean_comm": 0.6818187832832336,
    "mean_road": 0.6699506640434265,
    "mean_critical": 0.8242251873016357,
    "backbone_mean": 0.6954366564750671,
    "material_stock": 0.30587759613990784,
    "switching_capability": 0.7032529711723328,
    "stage_indicator": 0.5
  },
  "definition_shift_d1__llm_proxy": {
    "episode": 0,
    "preset_name": "definition_shift_case_d1",
    "mean_power": 0.692132294178009,
    "mean_comm": 0.6818187832832336,
    "mean_road": 0.6699506640434265,
    "mean_critical": 0.8242251873016357,
    "backbone_mean": 0.6954366564750671,
    "material_stock": 0.30587759613990784,
    "switching_capability": 0.7032529711723328,
    "stage_indicator": 0.5
  },
  "definition_shift_d2__rule": {
    "episode": 0,
    "preset_name": "definition_shift_case_d2",
    "mean_power": 0.5721322894096375,
    "mean_comm": 0.3151520788669586,
    "mean_road": 0.2999506890773773,
    "mean_critical": 0.6942252516746521,
    "backbone_mean": 0.3287700116634369,
    "material_stock": 0.23587758839130402,
    "switching_capability": 0.4032529592514038,
    "stage_indicator": 0.5
  },
  "definition_shift_d2__llm_proxy": {
    "episode": 0,
    "preset_name": "definition_shift_case_d2",
    "mean_power": 0.5721322894096375,
    "mean_comm": 0.3151520788669586,
    "mean_road": 0.2999506890773773,
    "mean_critical": 0.6942252516746521,
    "backbone_mean": 0.3287700116634369,
    "material_stock": 0.23587758839130402,
    "switching_capability": 0.4032529592514038,
    "stage_indicator": 0.5
  },
  "clear_control_c1__rule": {
    "episode": 0,
    "preset_name": "critical_load_dominant",
    "mean_power": 0.4987989366054535,
    "mean_comm": 0.5851520895957947,
    "mean_road": 0.5799506902694702,
    "mean_critical": 0.4275585412979126,
    "backbone_mean": 0.5821033120155334,
    "material_stock": 0.37587758898735046,
    "switching_capability": 0.6232529878616333,
    "stage_indicator": 0.5
  },
  "clear_control_c1__llm_proxy": {
    "episode": 0,
    "preset_name": "critical_load_dominant",
    "mean_power": 0.4987989366054535,
    "mean_comm": 0.5851520895957947,
    "mean_road": 0.5799506902694702,
    "mean_critical": 0.4275585412979126,
    "backbone_mean": 0.5821033120155334,
    "material_stock": 0.37587758898735046,
    "switching_capability": 0.6232529878616333,
    "stage_indicator": 0.5
  },
  "clear_control_c2__rule": {
    "episode": 0,
    "preset_name": "global_finishing_dominant",
    "mean_power": 0.7221322655677795,
    "mean_comm": 0.7118186950683594,
    "mean_road": 0.6999506950378418,
    "mean_critical": 0.8542253375053406,
    "backbone_mean": 0.7354366779327393,
    "material_stock": 0.3258776068687439,
    "switching_capability": 0.7232530117034912,
    "stage_indicator": 0.5
  },
  "clear_control_c2__llm_proxy": {
    "episode": 0,
    "preset_name": "global_finishing_dominant",
    "mean_power": 0.7221322655677795,
    "mean_comm": 0.7118186950683594,
    "mean_road": 0.6999506950378418,
    "mean_critical": 0.8542253375053406,
    "backbone_mean": 0.7354366779327393,
    "material_stock": 0.3258776068687439,
    "switching_capability": 0.7232530117034912,
    "stage_indicator": 0.5
  }
}