{
  "episode_rewards": [
    9.303877796099044,
    9.069508279327302,
    7.392516440290887,
    6.471828587751568,
    8.600915722115134,
    8.348959632495419,
    9.000515459587238,
    8.071180089579814,
    8.991920290221495,
    8.86242661384393,
    6.819200508827809,
    8.877789242406225,
    9.366344154745875,
    7.358740107340518,
    8.405426119998726,
    8.412786965218709,
    8.558231786858325,
    9.53756295234454,
    7.817636621972383,
    9.847250119180478,
    8.972468735527631,
    8.821070885943737,
    9.09890859745866,
    9.071035369072156,
    8.709044766880234,
    8.88588272631279,
    9.255564632996055,
    9.18709195156265,
    8.184775054972816,
    8.264593869058485,
    8.74862414850864,
    9.723571334680404,
    8.828110004153707,
    8.529181645918811,
    9.431062381898052,
    9.025708319077001,
    8.59445655768346,
    9.237628050554148,
    9.022850831795786,
    9.346141686854732,
    9.338203094982834,
    8.721461156272422,
    8.79642023609688,
    9.293220177258387,
    8.640072854091065,
    8.35852874554568,
    8.043949595783278,
    8.0712539233758,
    8.969626089585386,
    9.047658493277513,
    8.98392982155846,
    9.009874905157996,
    8.182988119018788,
    4.669533875570038,
    8.94418200304429,
    7.978059916575987,
    8.364211305421755,
    8.783987133023968,
    9.240064389912401,
    9.238307819634212
  ],
  "eval_rewards": [
    0.49976636767387395,
    0.4973948735743761,
    0.5055670700967313,
    0.4995715230703355,
    0.5036701580509544,
    0.4976486276835203,
    0.5046652883291245,
    0.4986712894868106
  ],
  "train_success_rate": 1.0,
  "eval_success_rate": 1.0,
  "success_rate": 1.0,
  "communication_recovery_ratio": 0.7943230643868446,
  "power_recovery_ratio": 0.803900696337223,
  "road_recovery_ratio": 0.7644628211855888,
  "critical_load_recovery_ratio": 0.9467970877885818,
  "min_recovery_ratio": 0.7644628211855888,
  "critical_load_shortfall": 0.05320291221141815,
  "recovery_completion_time": 22.85,
  "cumulative_reward_mean": 8.64546537827171,
  "constraint_violation_count": 0,
  "constraint_violation_rate": 0.0,
  "constraint_violation_rate_eval": 0.0,
  "train_constraint_violation_count": 8,
  "train_constraint_violation_rate": 0.005835156819839533,
  "invalid_action_count_eval": 0,
  "invalid_action_rate": 0.0,
  "invalid_action_rate_eval": 0.0,
  "wait_hold_count_eval": 0,
  "wait_hold_usage_eval": 0.0,
  "wait_hold_usage": 0.0,
  "mean_progress_delta_eval": 0.012166139980157215,
  "mean_progress_delta": 0.012166139980157215,
  "mean_stage_indicator_eval": 0.7916666666666667,
  "backbone_comm_ratio": 0.7842317447066307,
  "backbone_power_ratio": 0.7957520559430122,
  "backbone_road_ratio": 0.7588635757565498,
  "mes_usage_rate": 0.0,
  "mes_usage_rate_eval": 0.0,
  "mes_soc_mean_end": 0.6341588571667671,
  "mes_soc_end_mean": 0.6341588571667671,
  "material_stock_mean_end": 0.14013930037617683,
  "material_stock_end_mean": 0.14013930037617683,
  "switching_capability_mean_end": 0.7078949585556984,
  "switching_capability_end_mean": 0.7078949585556984,
  "crew_power_status_mean_end": 0.7537480965256691,
  "crew_power_status_end_mean": 0.7537480965256691,
  "crew_comm_status_mean_end": 0.709927424788475,
  "crew_comm_status_end_mean": 0.709927424788475,
  "crew_road_status_mean_end": 0.6947749108076096,
  "crew_road_status_end_mean": 0.6947749108076096,
  "zone_A_power_ratio": 0.8060187175869942,
  "zone_B_power_ratio": 0.8142983391880989,
  "zone_C_power_ratio": 0.7913850396871567,
  "zone_A_comm_ratio": 0.7764684036374092,
  "zone_B_comm_ratio": 0.8074441328644753,
  "zone_C_comm_ratio": 0.799056701362133,
  "zone_A_road_ratio": 0.7672140449285507,
  "zone_B_road_ratio": 0.7722082585096359,
  "zone_C_road_ratio": 0.7539661899209023,
  "zone_A_critical_load_ratio": 0.9412709847092628,
  "zone_B_critical_load_ratio": 0.9557875767350197,
  "zone_C_critical_load_ratio": 0.943332701921463,
  "task_mode_used": "global_efficiency_priority",
  "llm_mode_used": "real",
  "revise_module_path": "generated/static_task_modules/global_efficiency_priority_module.py",
  "policy_feature_dim_used": 27,
  "env_name": "project_recovery",
  "severity": "moderate",
  "action_usage": {
    "0": 0.029175784099197667,
    "1": 0.0262582056892779,
    "2": 0.027716994894237783,
    "3": 0.05032822757111598,
    "4": 0.04814004376367615,
    "5": 0.0700218818380744,
    "6": 0.045951859956236324,
    "7": 0.05908096280087528,
    "8": 0.04157549234135667,
    "9": 0.15317286652078774,
    "10": 0.07804522246535375,
    "11": 0.10138584974471189,
    "12": 0.11305616338439095,
    "13": 0.05324580598103574,
    "14": 0.10284463894967177
  },
  "action_category_usage": {
    "road": 0.08315098468271334,
    "power": 0.16849015317286653,
    "comm": 0.14660831509846828,
    "mes": 0.33260393873085337,
    "feeder": 0.11305616338439095,
    "coordinated": 0.05324580598103574,
    "wait": 0.10284463894967177
  },
  "dominant_action_category": "mes",
  "late_stage_targeted_action_rate": 0.0,
  "late_stage_coordinated_action_rate": 1.0,
  "weakest_zone": "C",
  "weakest_layer": "2",
  "weakest_zone_frequency": {
    "A": 18,
    "C": 30
  },
  "stage_distribution_eval": {
    "middle": 0.4166666666666667,
    "late": 0.5833333333333334
  },
  "stage_distribution": {
    "middle": 0.4166666666666667,
    "late": 0.5833333333333334
  },
  "invalid_reason_counts_eval": {},
  "representative_eval_trace": [
    {
      "step": 0,
      "action": 13,
      "progress_delta": 0.011949419975280762,
      "stage": "middle",
      "invalid_action": false,
      "invalid_reason": "",
      "constraint_violation": false
    },
    {
      "step": 1,
      "action": 13,
      "progress_delta": 0.012065291404724121,
      "stage": "middle",
      "invalid_action": false,
      "invalid_reason": "",
      "constraint_violation": false
    },
    {
      "step": 2,
      "action": 13,
      "progress_delta": 0.01218271255493164,
      "stage": "late",
      "invalid_action": false,
      "invalid_reason": "",
      "constraint_violation": false
    },
    {
      "step": 3,
      "action": 13,
      "progress_delta": 0.011959731578826904,
      "stage": "late",
      "invalid_action": false,
      "invalid_reason": "",
      "constraint_violation": false
    },
    {
      "step": 4,
      "action": 13,
      "progress_delta": 0.012073278427124023,
      "stage": "late",
      "invalid_action": false,
      "invalid_reason": "",
      "constraint_violation": false
    },
    {
      "step": 5,
      "action": 13,
      "progress_delta": 0.012188255786895752,
      "stage": "late",
      "invalid_action": false,
      "invalid_reason": "",
      "constraint_violation": false
    }
  ],
  "representative_eval_summary": {
    "steps": 6,
    "terminated": true,
    "truncated": false,
    "final_stage": "late",
    "final_progress_delta": 0.012188255786895752,
    "final_critical_load_shortfall": 0.05416911840438843
  },
  "eval_trajectory_summary": {
    "mean_steps": 6.0,
    "terminated_rate": 1.0,
    "truncated_rate": 0.0,
    "mean_invalid_action_rate": 0.0,
    "mean_constraint_violation_rate": 0.0,
    "mean_progress_delta": 0.012166139980157215,
    "eval_action_usage": {
      "0": 0.0,
      "1": 0.0,
      "2": 0.0,
      "3": 0.0,
      "4": 0.0,
      "5": 0.0,
      "6": 0.0,
      "7": 0.0,
      "8": 0.0,
      "9": 0.0,
      "10": 0.0,
      "11": 0.0,
      "12": 0.0,
      "13": 1.0,
      "14": 0.0
    }
  },
  "training_reset_checks": [
    {
      "episode": 0,
      "preset_name": "global_finishing_dominant",
      "mean_power": 0.7221322655677795,
      "mean_comm": 0.7118186950683594,
      "mean_road": 0.6999506950378418,
      "mean_critical": 0.8542253375053406,
      "backbone_mean": 0.7354366779327393,
      "material_stock": 0.3258776068687439,
      "switching_capability": 0.7232530117034912,
      "stage_indicator": 0.5
    },
    {
      "episode": 1,