{
  "episode_rewards": [
    -3.1332690660035847,
    -8.627713402007705,
    -12.743007323160532,
    -9.816270233963518,
    8.77712986242068,
    -1.5238946354863698,
    9.019649750701165,
    -7.455865853412676,
    -8.250875837766067,
    -6.366403852818506,
    -7.293996665790563,
    9.910949860113114,
    6.068246158928542,
    5.450818037680592,
    7.247839133018673,
    3.639766364510588,
    -1.589951890810446,
    8.05457056361212,
    3.9765664870287516,
    9.775973370043188,
    9.188956915124155,
    9.836964932864356,
    9.110726569536734,
    6.130261065439845,
    4.528992567281999,
    5.752577319435613,
    8.421522849250177,
    8.12989331524144,
    10.182102640390617,
    3.5028586557016537,
    9.014711739217757,
    6.841375107387976,
    8.069794611027604,
    8.416785984416178,
    9.524697335126845,
    9.90576301698531,
    0.9275996979349825,
    9.94117559229161,
    7.393286619030346,
    9.867056664871612,
    9.130113939270808,
    11.16600498984179,
    5.951262963505659,
    7.9437740910684385,
    8.530404371331562,
    10.852034628395712,
    8.308665711061114,
    10.692997578881913,
    9.59241828280217,
    10.098603049699113,
    6.283483748063044,
    9.708279032084898,
    7.822315250131489,
    9.612120346370336,
    9.267153677259781,
    7.9440616193704825,
    9.651530492008284,
    10.610052008525473,
    10.33106158120692,
    10.014781960705871
  ],
  "eval_rewards": [
    1.819080019886315,
    1.6042221178879847,
    1.791498550226825,
    2.6366318827048243,
    1.688661183266522,
    1.7968625082285148,
    1.7768864426205988,
    1.7774259642012473
  ],
  "train_success_rate": 0.8333333333333334,
  "eval_success_rate": 1.0,
  "success_rate": 1.0,
  "communication_recovery_ratio": 0.7578751221299171,
  "power_recovery_ratio": 0.9316345825791359,
  "road_recovery_ratio": 0.7363955825567245,
  "critical_load_recovery_ratio": 0.8797597140073776,
  "min_recovery_ratio": 0.7363955825567245,
  "critical_load_shortfall": 0.12024028599262238,
  "recovery_completion_time": 68.06,
  "cumulative_reward_mean": 5.721974722449653,
  "constraint_violation_count": 0,
  "constraint_violation_rate": 0.0,
  "constraint_violation_rate_eval": 0.0,
  "train_constraint_violation_count": 75,
  "train_constraint_violation_rate": 0.017429700209156403,
  "invalid_action_count_eval": 0,
  "invalid_action_rate": 0.0,
  "invalid_action_rate_eval": 0.0,
  "wait_hold_count_eval": 92,
  "wait_hold_usage_eval": 0.22439024390243903,
  "wait_hold_usage": 0.22439024390243903,
  "mean_progress_delta_eval": 0.004535506873348071,
  "mean_progress_delta": 0.004535506873348071,
  "mean_stage_indicator_eval": 0.6449101628745048,
  "backbone_comm_ratio": 0.7198979929089546,
  "backbone_power_ratio": 0.6749877631664276,
  "backbone_road_ratio": 0.671396516263485,
  "mes_usage_rate": 0.29878448673615177,
  "mes_usage_rate_eval": 0.29878448673615177,
  "mes_soc_mean_end": 0.05990888550877571,
  "mes_soc_end_mean": 0.05990888550877571,
  "material_stock_mean_end": 0.14088917709887028,
  "material_stock_end_mean": 0.14088917709887028,
  "switching_capability_mean_end": 0.8190304636955261,
  "switching_capability_end_mean": 0.8190304636955261,
  "crew_power_status_mean_end": 0.9729372560977936,
  "crew_power_status_end_mean": 0.9729372560977936,
  "crew_comm_status_mean_end": 0.9969615638256073,
  "crew_comm_status_end_mean": 0.9969615638256073,
  "crew_road_status_mean_end": 0.9999094903469086,
  "crew_road_status_end_mean": 0.9999094903469086,
  "zone_A_power_ratio": 0.9494401961565018,
  "zone_B_power_ratio": 0.8997631445527077,
  "zone_C_power_ratio": 0.9457003995776176,
  "zone_A_comm_ratio": 0.7468213587999344,
  "zone_B_comm_ratio": 0.7780187129974365,
  "zone_C_comm_ratio": 0.7487853243947029,
  "zone_A_road_ratio": 0.7391467988491058,
  "zone_B_road_ratio": 0.7441409975290298,
  "zone_C_road_ratio": 0.7258989363908768,
  "zone_A_critical_load_ratio": 0.8556148707866669,
  "zone_B_critical_load_ratio": 0.8414786458015442,
  "zone_C_critical_load_ratio": 0.9421856254339218,
  "task_mode_used": "critical_load_priority",
  "llm_mode_used": "real",
  "revise_module_path": "generated/static_task_modules/critical_load_priority_module.py",
  "policy_feature_dim_used": 28,
  "env_name": "project_recovery",
  "severity": "moderate",
  "action_usage": {
    "0": 0.01952126423425517,
    "1": 0.02045084824541018,
    "2": 0.016964908203578898,
    "3": 0.020218452242621428,
    "4": 0.020218452242621428,
    "5": 0.02416918429003021,
    "6": 0.03253544039042529,
    "7": 0.031141064373692774,
    "8": 0.042993260515919125,
    "9": 0.08435974901231699,
    "10": 0.07041598884499187,
    "11": 0.09876830118521962,
    "12": 0.15942365791308388,
    "13": 0.12293748547524982,
    "14": 0.2358819428305833
  },
  "action_category_usage": {
    "road": 0.05693702068324425,
    "power": 0.06460608877527307,
    "comm": 0.10666976528003719,
    "mes": 0.2535440390425285,
    "feeder": 0.15942365791308388,
    "coordinated": 0.12293748547524982,
    "wait": 0.2358819428305833
  },
  "dominant_action_category": "mes",
  "late_stage_targeted_action_rate": 0.40625,
  "late_stage_coordinated_action_rate": 0.0546875,
  "weakest_zone": "A",
  "weakest_layer": "2",
  "weakest_zone_frequency": {
    "A": 342,
    "C": 27,
    "B": 41
  },
  "stage_distribution_eval": {
    "middle": 0.6878048780487804,
    "late": 0.3121951219512195
  },
  "stage_distribution": {
    "middle": 0.6878048780487804,
    "late": 0.3121951219512195
  },
  "invalid_reason_counts_eval": {},
  "representative_eval_trace": [
    {
      "step": 0,
      "action": 10,
      "progress_delta": 0.003500044345855713,
      "stage": "middle",
      "invalid_action": false,
      "invalid_reason": "",
      "constraint_violation": false
    },
    {
      "step": 1,
      "action": 10,
      "progress_delta": 0.0034999847412109375,
      "stage": "middle",
      "invalid_action": false,
      "invalid_reason": "",
      "constraint_violation": false
    },
    {
      "step": 2,
      "action": 10,
      "progress_delta": 0.0034999847412109375,
      "stage": "middle",
      "invalid_action": false,
      "invalid_reason": "",
      "constraint_violation": false
    },
    {
      "step": 3,
      "action": 10,
      "progress_delta": 0.003500044345855713,
      "stage": "middle",
      "invalid_action": false,
      "invalid_reason": "",
      "constraint_violation": false
    },
    {
      "step": 4,
      "action": 11,
      "progress_delta": 0.0034999847412109375,
      "stage": "middle",
      "invalid_action": false,
      "invalid_reason": "",
      "constraint_violation": false
    },
    {
      "step": 5,
      "action": 11,
      "progress_delta": 0.0034999847412109375,
      "stage": "middle",
      "invalid_action": false,
      "invalid_reason": "",
      "constraint_violation": false
    },
    {
      "step": 6,
      "action": 11,
      "progress_delta": 0.0034999847412109375,
      "stage": "middle",
      "invalid_action": false,
      "invalid_reason": "",
      "constraint_violation": false
    },
    {
      "step": 7,
      "action": 11,
      "progress_delta": 0.003500044345855713,
      "stage": "middle",
      "invalid_action": false,
      "invalid_reason": "",
      "constraint_violation": false
    },
    {
      "step": 8,
      "action": 11,
      "progress_delta": 0.0034999847412109375,
      "stage": "middle",
      "invalid_action": false,
      "invalid_reason": "",
      "constraint_violation": false
    },
    {
      "step": 9,
      "action": 12,
      "progress_delta": -1.8537044525146484e-05,
      "stage": "middle",
      "invalid_action": false,
      "invalid_reason": "",
      "constraint_violation": false
    },
    {
      "step": 10,
      "action": 12,
      "progress_delta": -1.5914440155029297e-05,
      "stage": "middle",
      "invalid_action": false,
      "invalid_reason": "",