{
  "episode_rewards": [
    -10.081011207395274,
    -13.245505905060261,
    -19.296574649583995,
    -7.1538515311810045,
    -5.633364881770825,
    -10.592610313147947,
    -9.034555158305025,
    -11.500208458871235,
    -5.824629142727733,
    -10.417218102653072,
    -9.878909522952418,
    -13.046355917271667,
    -16.065454721972237,
    -4.250041730736942,
    -8.326394251462471,
    -14.657761856240189,
    -4.38960851960422,
    -8.69173423489907,
    -11.176486152721111,
    -13.859633641793335,
    -9.393613176196908,
    -7.970665353167815,
    -9.900847765838943,
    -5.14048601043316,
    -5.657021110515262,
    -6.661054222071352,
    -10.467396047454358,
    -7.585050461290933,
    -10.216463589369491,
    -8.18216572618803,
    -19.692201360836798,
    -9.663344495178722,
    -6.305584702764041,
    -10.018954293626706,
    -9.222243174643769,
    -4.089959966935349,
    -10.905837286057922,
    -5.118345649656497,
    -13.276428288588674,
    -5.9044918308117955,
    -4.1690812597794045,
    -7.428111388108999,
    -5.084215993805103,
    -5.943720750289395,
    -4.188674820061595,
    -6.462965176796938,
    -5.514556266018706,
    -5.483389541183821,
    -7.887450189818862,
    -3.324739025451801,
    -9.107112562434763,
    -3.0020189574137213,
    -6.322085079380954,
    -4.098054840613342,
    -3.498860352119015,
    -5.260328598078329,
    -8.25228773941823,
    -3.891164570625657,
    -8.120668782459093,
    -7.0005693289400925
  ],
  "eval_rewards": [
    -0.40205986920162085,
    -0.41522196713602166,
    -0.36134886594023563,
    -0.384895823122933,
    -0.32249833430629216,
    -0.3357173706055615,
    -0.4249417398916555,
    -0.38614003186579804
  ],
  "train_success_rate": 0.0,
  "eval_success_rate": 0.0,
  "success_rate": 0.0,
  "communication_recovery_ratio": 0.3151969760656357,
  "power_recovery_ratio": 0.7652904391288757,
  "road_recovery_ratio": 0.6275608912110329,
  "critical_load_recovery_ratio": 0.8568875566124916,
  "min_recovery_ratio": 0.3151969760656357,
  "critical_load_shortfall": 0.1431124433875084,
  "recovery_completion_time": 90.0,
  "cumulative_reward_mean": -8.275568660579575,
  "constraint_violation_count": 0,
  "constraint_violation_rate": 0.0,
  "constraint_violation_rate_eval": 0.0,
  "train_constraint_violation_count": 133,
  "train_constraint_violation_rate": 0.02462962962962963,
  "invalid_action_count_eval": 0,
  "invalid_action_rate": 0.0,
  "invalid_action_rate_eval": 0.0,
  "wait_hold_count_eval": 208,
  "wait_hold_usage_eval": 0.28888888888888886,
  "wait_hold_usage": 0.28888888888888886,
  "mean_progress_delta_eval": 0.0014386804153521857,
  "mean_progress_delta": 0.0014386804153521857,
  "mean_stage_indicator_eval": 0.5,
  "backbone_comm_ratio": 0.3402215428650379,
  "backbone_power_ratio": 0.32174184173345566,
  "backbone_road_ratio": 0.3374626450240612,
  "mes_usage_rate": 0.24444444444444444,
  "mes_usage_rate_eval": 0.24444444444444444,
  "mes_soc_mean_end": 0.026158907683566213,
  "mes_soc_end_mean": 0.026158907683566213,
  "material_stock_mean_end": 0.2221391275525093,
  "material_stock_end_mean": 0.2221391275525093,
  "switching_capability_mean_end": 1.0,
  "switching_capability_end_mean": 1.0,
  "crew_power_status_mean_end": 1.0,
  "crew_power_status_end_mean": 1.0,
  "crew_comm_status_mean_end": 1.0,
  "crew_comm_status_end_mean": 1.0,
  "crew_road_status_mean_end": 0.6820254549384117,
  "crew_road_status_end_mean": 0.6820254549384117,
  "zone_A_power_ratio": 1.0,
  "zone_B_power_ratio": 0.5815370604395866,
  "zone_C_power_ratio": 0.71433424949646,
  "zone_A_comm_ratio": 0.2939022481441498,
  "zone_B_comm_ratio": 0.3346828669309616,
  "zone_C_comm_ratio": 0.31700582802295685,
  "zone_A_road_ratio": 1.0,
  "zone_B_road_ratio": 0.4770069532096386,
  "zone_C_road_ratio": 0.4056757278740406,
  "zone_A_critical_load_ratio": 1.0,
  "zone_B_critical_load_ratio": 0.7093712389469147,
  "zone_C_critical_load_ratio": 0.8612914308905602,
  "task_mode_used": "global_efficiency_priority",
  "llm_mode_used": "real",
  "revise_module_path": "generated/static_task_modules/global_efficiency_priority_module.py",
  "policy_feature_dim_used": 27,
  "env_name": "project_recovery",
  "severity": "moderate",
  "action_usage": {
    "0": 0.024814814814814814,
    "1": 0.03222222222222222,
    "2": 0.034444444444444444,
    "3": 0.018333333333333333,
    "4": 0.013703703703703704,
    "5": 0.020555555555555556,
    "6": 0.020925925925925924,
    "7": 0.022037037037037036,
    "8": 0.03037037037037037,
    "9": 0.10148148148148148,
    "10": 0.0587037037037037,
    "11": 0.07203703703703704,
    "12": 0.27296296296296296,
    "13": 0.017962962962962962,
    "14": 0.2594444444444444
  },
  "action_category_usage": {
    "road": 0.09148148148148148,
    "power": 0.052592592592592594,
    "comm": 0.07333333333333333,
    "mes": 0.23222222222222222,
    "feeder": 0.27296296296296296,
    "coordinated": 0.017962962962962962,
    "wait": 0.2594444444444444
  },
  "dominant_action_category": "feeder",
  "late_stage_targeted_action_rate": 0.0,
  "late_stage_coordinated_action_rate": 0.0,
  "weakest_zone": "B",
  "weakest_layer": "1",
  "weakest_zone_frequency": {
    "C": 173,
    "B": 545,
    "A": 2
  },
  "stage_distribution_eval": {
    "middle": 1.0
  },
  "stage_distribution": {
    "middle": 1.0
  },
  "invalid_reason_counts_eval": {},
  "representative_eval_trace": [
    {
      "step": 0,
      "action": 9,
      "progress_delta": 0.003500014543533325,
      "stage": "middle",
      "invalid_action": false,
      "invalid_reason": "",
      "constraint_violation": false
    },
    {
      "step": 1,
      "action": 9,
      "progress_delta": 0.0034999847412109375,
      "stage": "middle",
      "invalid_action": false,
      "invalid_reason": "",
      "constraint_violation": false
    },
    {
      "step": 2,
      "action": 9,
      "progress_delta": 0.003500014543533325,
      "stage": "middle",
      "invalid_action": false,
      "invalid_reason": "",
      "constraint_violation": false
    },
    {
      "step": 3,
      "action": 9,
      "progress_delta": 0.0034999847412109375,
      "stage": "middle",
      "invalid_action": false,
      "invalid_reason": "",
      "constraint_violation": false
    },
    {
      "step": 4,
      "action": 9,
      "progress_delta": 0.003500014543533325,
      "stage": "middle",
      "invalid_action": false,
      "invalid_reason": "",
      "constraint_violation": false
    },
    {
      "step": 5,
      "action": 9,
      "progress_delta": 0.003500014543533325,
      "stage": "middle",
      "invalid_action": false,
      "invalid_reason": "",
      "constraint_violation": false
    },
    {
      "step": 6,
      "action": 9,
      "progress_delta": 0.0034999847412109375,
      "stage": "middle",
      "invalid_action": false,
      "invalid_reason": "",
      "constraint_violation": false
    },
    {
      "step": 7,
      "action": 9,
      "progress_delta": 0.003500014543533325,
      "stage": "middle",
      "invalid_action": false,
      "invalid_reason": "",
      "constraint_violation": false
    },
    {
      "step": 8,
      "action": 2,
      "progress_delta": 0.0038386285305023193,
      "stage": "middle",
      "invalid_action": false,
      "invalid_reason": "",
      "constraint_violation": false
    },
    {
      "step": 9,
      "action": 2,
      "progress_delta": 0.0030834078788757324,
      "stage": "middle",
      "invalid_action": false,
      "invalid_reason": "",
      "constraint_violation": false
    },
    {
      "step": 10,
      "action": 9,
      "progress_delta": 0.003500014543533325,
      "stage": "middle",
      "invalid_action": false,
      "invalid_reason": "",
      "constraint_violation": false
    },
    {
      "step": 11,
      "action": 2,
      "progress_delta": 0.0030560195446014404,
      "stage": "middle",
      "invalid_action": false,
      "invalid_reason": "",