{
  "episode_rewards": [
    -9.727077698090904,
    -14.033281470118949,
    -16.689568663101,
    -5.755835633936947,
    -4.815970493798822,
    -9.643457355951158,
    -7.604154594714859,
    -16.387632518909495,
    -15.479729287322417,
    -6.574910203475046,
    -13.482247415791035,
    -7.41746279286341,
    -7.927042302476094,
    -5.429874239591978,
    -12.812795085902488,
    -15.454538561275369,
    -15.94543086132145,
    -17.935546024200235,
    -13.080273001189967,
    -14.247552102744935,
    -10.137767392785609,
    -7.541835311884639,
    -13.97358035420436,
    -13.384156585818657,
    -5.745367685975752,
    -9.745553984257834,
    -9.888538172156986,
    -7.772493885089451,
    -7.051237059654158,
    -4.971073442044586,
    -5.758999678376026,
    -5.675404507051904,
    -5.4647792751706765,
    -3.5968208352394937,
    -8.922428406408578,
    -6.921275951044293,
    -13.687922282910986,
    -4.216983072355492,
    -6.591882830386101,
    -6.424431863212607,
    -5.855098577388385,
    -9.29728347791277,
    -5.973815447494893,
    -5.661119454170358,
    -5.572163788344291,
    -5.620604257991201,
    -7.238657209663561,
    -6.90131543772407,
    -5.882684136148005,
    -6.917494726735086,
    -7.051382281851769,
    -7.109187344038196,
    -6.240718896289405,
    -6.164739057968912,
    -6.431391419567363,
    -6.057837338792162,
    -5.614426445094727,
    -5.984213732731512,
    -11.90992791955402,
    -5.53427710173968
  ],
  "eval_rewards": [
    -0.19146988659500502,
    -0.4267122573301457,
    -0.4746811724174769,
    -0.6285712646607131,
    -0.44026200270280225,
    -0.43746814463287564,
    -0.5428561083067324,
    -0.5094730022549632
  ],
  "train_success_rate": 0.0,
  "eval_success_rate": 0.0,
  "success_rate": 0.0,
  "communication_recovery_ratio": 0.6050663813948631,
  "power_recovery_ratio": 0.8294016197323799,
  "road_recovery_ratio": 0.376594964414835,
  "critical_load_recovery_ratio": 0.9526804313063622,
  "min_recovery_ratio": 0.376594964414835,
  "critical_load_shortfall": 0.04731956869363785,
  "recovery_completion_time": 90.0,
  "cumulative_reward_mean": -8.682254182233418,
  "constraint_violation_count": 0,
  "constraint_violation_rate": 0.0,
  "constraint_violation_rate_eval": 0.0,
  "train_constraint_violation_count": 115,
  "train_constraint_violation_rate": 0.021296296296296296,
  "invalid_action_count_eval": 0,
  "invalid_action_rate": 0.0,
  "invalid_action_rate_eval": 0.0,
  "wait_hold_count_eval": 210,
  "wait_hold_usage_eval": 0.2916666666666667,
  "wait_hold_usage": 0.2916666666666667,
  "mean_progress_delta_eval": 0.0018301919102668763,
  "mean_progress_delta": 0.0018301919102668763,
  "mean_stage_indicator_eval": 0.5,
  "backbone_comm_ratio": 0.3491236940026283,
  "backbone_power_ratio": 0.32174184173345566,
  "backbone_road_ratio": 0.31085632368922234,
  "mes_usage_rate": 0.24027777777777776,
  "mes_usage_rate_eval": 0.24027777777777776,
  "mes_soc_mean_end": 0.054658906534314156,
  "mes_soc_end_mean": 0.054658906534314156,
  "material_stock_mean_end": 0.2533891089260578,
  "material_stock_end_mean": 0.2533891089260578,
  "switching_capability_mean_end": 0.9377820268273354,
  "switching_capability_end_mean": 0.9377820268273354,
  "crew_power_status_mean_end": 1.0,
  "crew_power_status_end_mean": 1.0,
  "crew_comm_status_mean_end": 0.893137976527214,
  "crew_comm_status_end_mean": 0.893137976527214,
  "crew_road_status_mean_end": 1.0,
  "crew_road_status_end_mean": 1.0,
  "zone_A_power_ratio": 0.6684525609016418,
  "zone_B_power_ratio": 0.9910183101892471,
  "zone_C_power_ratio": 0.8287339806556702,
  "zone_A_comm_ratio": 0.4668976664543152,
  "zone_B_comm_ratio": 0.6064543388783932,
  "zone_C_comm_ratio": 0.7418471276760101,
  "zone_A_road_ratio": 0.5304437540471554,
  "zone_B_road_ratio": 0.31098924204707146,
  "zone_C_road_ratio": 0.288351871073246,
  "zone_A_critical_load_ratio": 0.8752076625823975,
  "zone_B_critical_load_ratio": 1.0,
  "zone_C_critical_load_ratio": 0.9828336834907532,
  "task_mode_used": "restoration_capability_priority",
  "llm_mode_used": "real",
  "revise_module_path": "generated/static_task_modules/restoration_capability_priority_module.py",
  "policy_feature_dim_used": 28,
  "env_name": "project_recovery",
  "severity": "moderate",
  "action_usage": {
    "0": 0.03518518518518519,
    "1": 0.028333333333333332,
    "2": 0.01925925925925926,
    "3": 0.014814814814814815,
    "4": 0.017037037037037038,
    "5": 0.015555555555555555,
    "6": 0.037037037037037035,
    "7": 0.03203703703703704,
    "8": 0.03518518518518519,
    "9": 0.07333333333333333,
    "10": 0.06777777777777778,
    "11": 0.09296296296296297,
    "12": 0.2375925925925926,
    "13": 0.024444444444444446,
    "14": 0.26944444444444443
  },
  "action_category_usage": {
    "road": 0.08277777777777778,
    "power": 0.04740740740740741,
    "comm": 0.10425925925925925,
    "mes": 0.2340740740740741,
    "feeder": 0.2375925925925926,
    "coordinated": 0.024444444444444446,
    "wait": 0.26944444444444443
  },
  "dominant_action_category": "wait",
  "late_stage_targeted_action_rate": 0.0,
  "late_stage_coordinated_action_rate": 0.0,
  "weakest_zone": "A",
  "weakest_layer": "2",
  "weakest_zone_frequency": {
    "A": 389,
    "B": 97,
    "C": 234
  },
  "stage_distribution_eval": {
    "middle": 1.0
  },
  "stage_distribution": {
    "middle": 1.0
  },
  "invalid_reason_counts_eval": {},
  "representative_eval_trace": [
    {
      "step": 0,
      "action": 11,
      "progress_delta": 0.003500014543533325,
      "stage": "middle",
      "invalid_action": false,
      "invalid_reason": "",
      "constraint_violation": false
    },
    {
      "step": 1,
      "action": 11,
      "progress_delta": 0.003500014543533325,
      "stage": "middle",
      "invalid_action": false,
      "invalid_reason": "",
      "constraint_violation": false
    },
    {
      "step": 2,
      "action": 11,
      "progress_delta": 0.0034999847412109375,
      "stage": "middle",
      "invalid_action": false,
      "invalid_reason": "",
      "constraint_violation": false
    },
    {
      "step": 3,
      "action": 11,
      "progress_delta": 0.0034999847412109375,
      "stage": "middle",
      "invalid_action": false,
      "invalid_reason": "",
      "constraint_violation": false
    },
    {
      "step": 4,
      "action": 11,
      "progress_delta": 0.003500014543533325,
      "stage": "middle",
      "invalid_action": false,
      "invalid_reason": "",
      "constraint_violation": false
    },
    {
      "step": 5,
      "action": 11,
      "progress_delta": 0.003500014543533325,
      "stage": "middle",
      "invalid_action": false,
      "invalid_reason": "",
      "constraint_violation": false
    },
    {
      "step": 6,
      "action": 10,
      "progress_delta": 0.0034999847412109375,
      "stage": "middle",
      "invalid_action": false,
      "invalid_reason": "",
      "constraint_violation": false
    },
    {
      "step": 7,
      "action": 10,
      "progress_delta": 0.0034999847412109375,
      "stage": "middle",
      "invalid_action": false,
      "invalid_reason": "",
      "constraint_violation": false
    },
    {
      "step": 8,
      "action": 0,
      "progress_delta": 0.0038386285305023193,
      "stage": "middle",
      "invalid_action": false,
      "invalid_reason": "",
      "constraint_violation": false
    },
    {
      "step": 9,
      "action": 0,
      "progress_delta": 0.0030834078788757324,
      "stage": "middle",
      "invalid_action": false,
      "invalid_reason": "",
      "constraint_violation": false
    },
    {
      "step": 10,
      "action": 10,
      "progress_delta": 0.003500044345855713,
      "stage": "middle",
      "invalid_action": false,
      "invalid_reason": "",
      "constraint_violation": false
    },
    {
      "step": 11,
      "action": 6,
      "progress_delta": 0.0025704503059387207,
      "stage": "middle",
      "invalid_action": false,