{
  "episode_rewards": [
    7.99953963207217,
    5.748102580081824,
    5.011744071112376,
    4.924399629950349,
    3.027110805833137,
    4.0618772454720755,
    6.077861274013832,
    7.757068290792825,
    8.337074255924485,
    8.720435135892568,
    9.94215830757241,
    8.760915066965332,
    4.307259219805976,
    9.478271639908419,
    8.479786052050255,
    8.079070422532094,
    9.633070271540362,
    9.721481268434447,
    9.787545510750014,
    8.789872878223413,
    9.461914104993106,
    10.275731066337949,
    8.115414842425821,
    9.947125640511315,
    8.441163705839834,
    7.9713694567342985,
    8.96047082413181,
    9.645484323464672,
    9.65108533127692,
    7.293021942465135,
    6.674777660995197,
    8.509470815554376,
    8.647063230163603,
    9.56335133225748,
    9.655305888253368,
    8.542816624386084,
    8.1042456355714,
    9.38668372812299,
    9.160894111385755,
    9.514723327485717,
    8.476297539636365,
    8.737531645341438,
    9.669264863404434,
    8.035957339163451,
    9.275769359922432,
    9.45415727387746,
    8.332947923836135,
    9.11897429985786,
    8.904149553290754,
    8.609492114713788,
    8.069496416559652,
    9.124954894212843,
    8.724338559414191,
    9.3085838329928,
    8.378462543021886,
    8.85838266798478,
    8.605194025542565,
    9.149136475654693,
    8.066424954570655,
    9.577046534642193
  ],
  "eval_rewards": [
    1.7211107927130074,
    1.73914097046014,
    1.686292786787088,
    1.705930568622425,
    1.9763980310270575,
    1.8961329549248334,
    1.8658866390073685,
    1.5459501301863936
  ],
  "train_success_rate": 1.0,
  "eval_success_rate": 1.0,
  "success_rate": 1.0,
  "communication_recovery_ratio": 0.7759604454040527,
  "power_recovery_ratio": 0.8780831769108772,
  "road_recovery_ratio": 0.7738111168146133,
  "critical_load_recovery_ratio": 0.9500475525856018,
  "min_recovery_ratio": 0.7738111168146133,
  "critical_load_shortfall": 0.04995244741439819,
  "recovery_completion_time": 33.56666666666667,
  "cumulative_reward_mean": 8.377388666148759,
  "constraint_violation_count": 9,
  "constraint_violation_rate": 0.023809523809523808,
  "constraint_violation_rate_eval": 0.023809523809523808,
  "train_constraint_violation_count": 27,
  "train_constraint_violation_rate": 0.013406156901688183,
  "invalid_action_count_eval": 9,
  "invalid_action_rate": 0.023809523809523808,
  "invalid_action_rate_eval": 0.023809523809523808,
  "wait_hold_count_eval": 69,
  "wait_hold_usage_eval": 0.18253968253968253,
  "wait_hold_usage": 0.18253968253968253,
  "mean_progress_delta_eval": 0.0021628063610714785,
  "mean_progress_delta": 0.0021628063610714785,
  "mean_stage_indicator_eval": 0.6611753177106027,
  "backbone_comm_ratio": 0.6941888704895973,
  "backbone_power_ratio": 0.7031347379088402,
  "backbone_road_ratio": 0.6864293739199638,
  "mes_usage_rate": 0.30412753279670895,
  "mes_usage_rate_eval": 0.30412753279670895,
  "mes_soc_mean_end": 0.060533725656569004,
  "mes_soc_end_mean": 0.060533725656569004,
  "material_stock_mean_end": 0.14201428927481174,
  "material_stock_end_mean": 0.14201428927481174,
  "switching_capability_mean_end": 0.9520638585090637,
  "switching_capability_end_mean": 0.9520638585090637,
  "crew_power_status_mean_end": 0.9940000101923943,
  "crew_power_status_end_mean": 0.9940000101923943,
  "crew_comm_status_mean_end": 0.936911016702652,
  "crew_comm_status_end_mean": 0.936911016702652,
  "crew_road_status_mean_end": 0.7570247501134872,
  "crew_road_status_end_mean": 0.7570247501134872,
  "zone_A_power_ratio": 0.6950647905468941,
  "zone_B_power_ratio": 0.9986094906926155,
  "zone_C_power_ratio": 0.9405752494931221,
  "zone_A_comm_ratio": 0.9425417259335518,
  "zone_B_comm_ratio": 0.6963795572519302,
  "zone_C_comm_ratio": 0.688960112631321,
  "zone_A_road_ratio": 0.6532195508480072,
  "zone_B_road_ratio": 0.6682138070464134,
  "zone_C_road_ratio": 1.0,
  "zone_A_critical_load_ratio": 0.8501426354050636,
  "zone_B_critical_load_ratio": 1.0,
  "zone_C_critical_load_ratio": 1.0,
  "task_mode_used": "global_efficiency_priority",
  "llm_mode_used": "real",
  "revise_module_path": "generated/static_task_modules/global_efficiency_priority_module.py",
  "policy_feature_dim_used": 27,
  "env_name": "project_recovery",
  "severity": "moderate",
  "action_usage": {
    "0": 0.022343594836146972,
    "1": 0.01638530287984111,
    "2": 0.020854021847070508,
    "3": 0.03028798411122145,
    "4": 0.03624627606752731,
    "5": 0.03574975173783516,
    "6": 0.04220456802383317,
    "7": 0.05163853028798411,
    "8": 0.04270109235352532,
    "9": 0.11320754716981132,
    "10": 0.0958291956305859,
    "11": 0.12264150943396226,
    "12": 0.13803376365441908,
    "13": 0.07795431976166832,
    "14": 0.15392254220456802
  },
  "action_category_usage": {
    "road": 0.0595829195630586,
    "power": 0.10228401191658393,
    "comm": 0.1365441906653426,
    "mes": 0.3316782522343595,
    "feeder": 0.13803376365441908,
    "coordinated": 0.07795431976166832,
    "wait": 0.15392254220456802
  },
  "dominant_action_category": "mes",
  "late_stage_targeted_action_rate": 0.47107438016528924,
  "late_stage_coordinated_action_rate": 0.0,
  "weakest_zone": "A",
  "weakest_layer": "1",
  "weakest_zone_frequency": {
    "A": 378
  },
  "stage_distribution_eval": {
    "middle": 0.6798941798941799,
    "late": 0.3201058201058201
  },
  "stage_distribution": {
    "middle": 0.6798941798941799,
    "late": 0.3201058201058201
  },
  "invalid_reason_counts_eval": {
    "material_shortage": 9
  },
  "representative_eval_trace": [
    {
      "step": 0,
      "action": 2,
      "progress_delta": 0.003618299961090088,
      "stage": "middle",
      "invalid_action": false,
      "invalid_reason": "",
      "constraint_violation": false
    },
    {
      "step": 1,
      "action": 2,
      "progress_delta": 0.002878546714782715,
      "stage": "middle",
      "invalid_action": false,
      "invalid_reason": "",
      "constraint_violation": false
    },
    {
      "step": 2,
      "action": 2,
      "progress_delta": 0.002588987350463867,
      "stage": "middle",
      "invalid_action": false,
      "invalid_reason": "",
      "constraint_violation": false
    },
    {
      "step": 3,
      "action": 2,
      "progress_delta": 0.0023183822631835938,
      "stage": "middle",
      "invalid_action": false,
      "invalid_reason": "",
      "constraint_violation": false
    },
    {
      "step": 4,
      "action": 2,
      "progress_delta": 0.002918720245361328,
      "stage": "middle",
      "invalid_action": false,
      "invalid_reason": "",
      "constraint_violation": false
    },
    {
      "step": 5,
      "action": 2,
      "progress_delta": 0.002021610736846924,
      "stage": "middle",
      "invalid_action": false,
      "invalid_reason": "",
      "constraint_violation": false
    },
    {
      "step": 6,
      "action": 2,
      "progress_delta": 0.0027046799659729004,
      "stage": "middle",
      "invalid_action": false,
      "invalid_reason": "",
      "constraint_violation": false
    },
    {
      "step": 7,
      "action": 2,
      "progress_delta": 0.0020099282264709473,
      "stage": "middle",
      "invalid_action": false,
      "invalid_reason": "",
      "constraint_violation": false
    },
    {
      "step": 8,
      "action": 11,
      "progress_delta": 0.003500044345855713,
      "stage": "middle",
      "invalid_action": false,
      "invalid_reason": "",
      "constraint_violation": false
    },
    {
      "step": 9,
      "action": 11,
      "progress_delta": 0.0034999847412109375,
      "stage": "middle",
      "invalid_action": false,
      "invalid_reason": "",
      "constraint_violation": false
    },
    {
      "step": 10,
      "action": 2,
      "progress_delta": 0.002644360065460205,
      "stage": "middle",
      "invalid_action": false,
      "invalid_reason": "",
      "constraint_violation": false
    },
    {
      "step": 11,