{
  "episode_rewards": [
    -2.4474573406214244,
    -8.731131332678693,
    -11.8008036130746,
    -2.4117460854903436,
    -1.132701016218768,
    -2.6530106512724645,
    6.101862269854609,
    -9.078265497817945,
    -12.66224360158625,
    -5.0069505006246535,
    -11.075152946614535,
    5.555945017246753,
    -5.13846079814993,
    -9.098460925319134,
    -0.07391322393340004,
    -2.488651424524931,
    -9.853508519521972,
    3.2359390270107977,
    4.48095339638602,
    4.951087011352336,
    2.5456570159428904,
    4.835230005233662,
    3.666679586318926,
    7.957923959995201,
    5.739025788473793,
    -3.5339237395258505,
    3.8290803892621046,
    8.128778695981252,
    -9.876138140485107,
    2.97891666646822,
    -3.7973922126134987,
    1.2914268268817848,
    9.394244030579767,
    9.85521741271091,
    7.736441229819414,
    3.633546695711005,
    8.093324819932564,
    8.116802039148554,
    7.833357786697639,
    -7.072710115159159,
    7.571353687418456,
    7.950577572722535,
    6.6040996979033055,
    6.92657430384672,
    9.937879473552712,
    8.747152698491137,
    9.174117472327628,
    9.533268776526459,
    6.924463153125927,
    9.980452395771037,
    9.416615671778553,
    10.0616874754588,
    8.479341797327509,
    9.93645918099098,
    10.562630145384727,
    -2.0573254286819593,
    10.979637312105687,
    10.564095832834951,
    10.792409105944053,
    10.065854006002668
  ],
  "eval_rewards": [
    1.8774111931840889,
    1.7755988813028676,
    1.8134656202280897,
    3.0407035761000603,
    1.8526488990336663,
    1.879011547209229,
    1.9038597952947023,
    1.9285015941131862
  ],
  "train_success_rate": 0.6666666666666666,
  "eval_success_rate": 0.875,
  "success_rate": 0.875,
  "communication_recovery_ratio": 0.7625409960746765,
  "power_recovery_ratio": 0.9057250991463661,
  "road_recovery_ratio": 0.7445732057094574,
  "critical_load_recovery_ratio": 0.8503480851650238,
  "min_recovery_ratio": 0.7445732057094574,
  "critical_load_shortfall": 0.1496519148349762,
  "recovery_completion_time": 74.475,
  "cumulative_reward_mean": 2.9030027052767906,
  "constraint_violation_count": 0,
  "constraint_violation_rate": 0.0,
  "constraint_violation_rate_eval": 0.0,
  "train_constraint_violation_count": 94,
  "train_constraint_violation_rate": 0.01966938690102532,
  "invalid_action_count_eval": 0,
  "invalid_action_rate": 0.0,
  "invalid_action_rate_eval": 0.0,
  "wait_hold_count_eval": 116,
  "wait_hold_usage_eval": 0.2595078299776286,
  "wait_hold_usage": 0.2595078299776286,
  "mean_progress_delta_eval": 0.004385059315505993,
  "mean_progress_delta": 0.004385059315505993,
  "mean_stage_indicator_eval": 0.6779118930714676,
  "backbone_comm_ratio": 0.720024861395359,
  "backbone_power_ratio": 0.7163858935236931,
  "backbone_road_ratio": 0.6674980148673058,
  "mes_usage_rate": 0.30414575377341335,
  "mes_usage_rate_eval": 0.30414575377341335,
  "mes_soc_mean_end": 0.06540890922769904,
  "mes_soc_end_mean": 0.06540890922769904,
  "material_stock_mean_end": 0.13851411547511816,
  "material_stock_end_mean": 0.13851411547511816,
  "switching_capability_mean_end": 1.0,
  "switching_capability_end_mean": 1.0,
  "crew_power_status_mean_end": 0.9757745116949081,
  "crew_power_status_end_mean": 0.9757745116949081,
  "crew_comm_status_mean_end": 1.0,
  "crew_comm_status_end_mean": 1.0,
  "crew_road_status_mean_end": 1.0,
  "crew_road_status_end_mean": 1.0,
  "zone_A_power_ratio": 0.724407009780407,
  "zone_B_power_ratio": 1.0,
  "zone_C_power_ratio": 0.9927682802081108,
  "zone_A_comm_ratio": 0.7548567280173302,
  "zone_B_comm_ratio": 0.7761282101273537,
  "zone_C_comm_ratio": 0.7566380947828293,
  "zone_A_road_ratio": 0.7473244294524193,
  "zone_B_road_ratio": 0.7523186281323433,
  "zone_C_road_ratio": 0.7340765669941902,
  "zone_A_critical_load_ratio": 0.7910400107502937,
  "zone_B_critical_load_ratio": 1.0,
  "zone_C_critical_load_ratio": 0.7600042670965195,
  "task_mode_used": "critical_load_priority",
  "llm_mode_used": "real",
  "revise_module_path": "generated/static_task_modules/critical_load_priority_module.py",
  "policy_feature_dim_used": 28,
  "env_name": "project_recovery",
  "severity": "moderate",
  "action_usage": {
    "0": 0.02092487968194183,
    "1": 0.017576898932831136,
    "2": 0.016739903745553463,
    "3": 0.01820464532328939,
    "4": 0.01820464532328939,
    "5": 0.02678384599288554,
    "6": 0.02573760200878845,
    "7": 0.027411592383343796,
    "8": 0.03285206110064867,
    "9": 0.12680477087256747,
    "10": 0.07365557648043523,
    "11": 0.05084745762711865,
    "12": 0.1713747645951036,
    "13": 0.12031805817116552,
    "14": 0.25256329776103786
  },
  "action_category_usage": {
    "road": 0.055241682360326436,
    "power": 0.06319313663946433,
    "comm": 0.08600125549278093,
    "mes": 0.2513078049801214,
    "feeder": 0.1713747645951036,
    "coordinated": 0.12031805817116552,
    "wait": 0.25256329776103786
  },
  "dominant_action_category": "wait",
  "late_stage_targeted_action_rate": 0.4176470588235294,
  "late_stage_coordinated_action_rate": 0.047058823529411764,
  "weakest_zone": "C",
  "weakest_layer": "2",
  "weakest_zone_frequency": {
    "C": 241,
    "A": 206
  },
  "stage_distribution_eval": {
    "middle": 0.6196868008948546,
    "late": 0.38031319910514544
  },
  "stage_distribution": {
    "middle": 0.6196868008948546,
    "late": 0.38031319910514544
  },
  "invalid_reason_counts_eval": {},
  "representative_eval_trace": [
    {
      "step": 0,
      "action": 10,
      "progress_delta": 0.0034999847412109375,
      "stage": "middle",
      "invalid_action": false,
      "invalid_reason": "",
      "constraint_violation": false
    },
    {
      "step": 1,
      "action": 10,
      "progress_delta": 0.003500044345855713,
      "stage": "middle",
      "invalid_action": false,
      "invalid_reason": "",
      "constraint_violation": false
    },
    {
      "step": 2,
      "action": 10,
      "progress_delta": 0.0034999847412109375,
      "stage": "middle",
      "invalid_action": false,
      "invalid_reason": "",
      "constraint_violation": false
    },
    {
      "step": 3,
      "action": 10,
      "progress_delta": 0.0034999847412109375,
      "stage": "middle",
      "invalid_action": false,
      "invalid_reason": "",
      "constraint_violation": false
    },
    {
      "step": 4,
      "action": 10,
      "progress_delta": 0.0034999847412109375,
      "stage": "middle",
      "invalid_action": false,
      "invalid_reason": "",
      "constraint_violation": false
    },
    {
      "step": 5,
      "action": 10,
      "progress_delta": 0.0034999847412109375,
      "stage": "middle",
      "invalid_action": false,
      "invalid_reason": "",
      "constraint_violation": false
    },
    {
      "step": 6,
      "action": 10,
      "progress_delta": 0.003500044345855713,
      "stage": "middle",
      "invalid_action": false,
      "invalid_reason": "",
      "constraint_violation": false
    },
    {
      "step": 7,
      "action": 10,
      "progress_delta": 0.0034999847412109375,
      "stage": "middle",
      "invalid_action": false,
      "invalid_reason": "",
      "constraint_violation": false
    },
    {
      "step": 8,
      "action": 10,
      "progress_delta": 0.0034999847412109375,
      "stage": "middle",
      "invalid_action": false,
      "invalid_reason": "",
      "constraint_violation": false
    },
    {
      "step": 9,
      "action": 13,
      "progress_delta": 0.01094752550125122,
      "stage": "middle",
      "invalid_action": false,
      "invalid_reason": "",
      "constraint_violation": false
    },
    {
      "step": 10,
      "action": 10,
      "progress_delta": 0.003500044345855713,
      "stage": "middle",
      "invalid_action": false,
      "invalid_reason": "",
      "constraint_violation": false
    },
    {
      "step": 11,
      "action": 13,
      "progress_delta": 0.011055707931518555,