{
  "episode_rewards": [
    -8.845754557874088,
    -13.185120242789905,
    -18.325035730808178,
    -16.987289153730256,
    -10.57404434379197,
    -6.637122203811831,
    -5.059982402579328,
    -12.281168608209796,
    -6.553408211127694,
    -7.384966806688745,
    -16.079839626727964,
    -12.94079373675079,
    -13.91529254439955,
    -5.749536335632628,
    -13.82254783352407,
    -14.069832004380727,
    -6.846011162009247,
    -8.477635716254492,
    -9.348946632085571,
    -8.356871794924652,
    -3.1308451985423744,
    -9.800882843419108,
    -9.474425459847671,
    -10.705439518263406,
    -7.262515033373837,
    -8.562431603757318,
    -10.142180469471795,
    -12.377769898960958,
    -4.022017816859715,
    -4.859696774361107,
    -6.681317861666031,
    -3.0971914617820056,
    -3.7363952004262484,
    -3.6757995284926506,
    -3.3330233933296287,
    -8.095312112120382,
    -4.186371749700723,
    -3.6012885148390534,
    -5.0380368121261325,
    -3.5368523152696123,
    -4.3823610971140905,
    -3.5878944454767865,
    -5.2625300482775295,
    -3.0883470139420237,
    -10.693659995103223,
    -3.4280048739481135,
    -4.448954772354942,
    -7.776345377637837,
    -6.5748487349138225,
    -3.570340510024322,
    -3.426594772361344,
    -3.7422704884444853,
    -8.675292741919515,
    -2.870846165958083,
    -5.864683656843903,
    -3.477716058311797,
    -2.936185615413636,
    -6.387141939042443,
    -5.280888655583056,
    -4.831571786311276
  ],
  "eval_rewards": [
    0.6191396500478732,
    0.5773184525105172,
    1.0046183129178823,
    0.5328093307517716,
    0.5723838955583056,
    0.5404237852484222,
    0.7453681212903753,
    0.5820383144551301
  ],
  "train_success_rate": 0.0,
  "eval_success_rate": 0.0,
  "success_rate": 0.0,
  "communication_recovery_ratio": 0.4661440774798393,
  "power_recovery_ratio": 0.8047657683491707,
  "road_recovery_ratio": 0.6452141925692558,
  "critical_load_recovery_ratio": 0.9363274946808815,
  "min_recovery_ratio": 0.4661440774798393,
  "critical_load_shortfall": 0.0636725053191185,
  "recovery_completion_time": 90.0,
  "cumulative_reward_mean": -7.351124532728225,
  "constraint_violation_count": 0,
  "constraint_violation_rate": 0.0,
  "constraint_violation_rate_eval": 0.0,
  "train_constraint_violation_count": 109,
  "train_constraint_violation_rate": 0.020185185185185184,
  "invalid_action_count_eval": 0,
  "invalid_action_rate": 0.0,
  "invalid_action_rate_eval": 0.0,
  "wait_hold_count_eval": 209,
  "wait_hold_usage_eval": 0.2902777777777778,
  "wait_hold_usage": 0.2902777777777778,
  "mean_progress_delta_eval": 0.0014566553963555231,
  "mean_progress_delta": 0.0014566553963555231,
  "mean_stage_indicator_eval": 0.5,
  "backbone_comm_ratio": 0.4432675838470459,
  "backbone_power_ratio": 0.43478790670633316,
  "backbone_road_ratio": 0.4458201080560684,
  "mes_usage_rate": 0.23055555555555557,
  "mes_usage_rate_eval": 0.23055555555555557,
  "mes_soc_mean_end": 0.060533908661454916,
  "mes_soc_end_mean": 0.060533908661454916,
  "material_stock_mean_end": 0.14526430051773787,
  "material_stock_end_mean": 0.14526430051773787,
  "switching_capability_mean_end": 0.8465100824832916,
  "switching_capability_end_mean": 0.8465100824832916,
  "crew_power_status_mean_end": 1.0,
  "crew_power_status_end_mean": 1.0,
  "crew_comm_status_mean_end": 1.0,
  "crew_comm_status_end_mean": 1.0,
  "crew_road_status_mean_end": 0.8604462221264839,
  "crew_road_status_end_mean": 0.8604462221264839,
  "zone_A_power_ratio": 0.5675350651144981,
  "zone_B_power_ratio": 0.9048128575086594,
  "zone_C_power_ratio": 0.9419494420289993,
  "zone_A_comm_ratio": 0.4479847885668278,
  "zone_B_comm_ratio": 0.4797043912112713,
  "zone_C_comm_ratio": 0.4707430601119995,
  "zone_A_road_ratio": 0.5330261774361134,
  "zone_B_road_ratio": 1.0,
  "zone_C_road_ratio": 0.40261635556817055,
  "zone_A_critical_load_ratio": 0.8271906822919846,
  "zone_B_critical_load_ratio": 0.9833763390779495,
  "zone_C_critical_load_ratio": 0.9984154477715492,
  "task_mode_used": "restoration_capability_priority",
  "llm_mode_used": "real",
  "revise_module_path": "generated/static_task_modules/restoration_capability_priority_module.py",
  "policy_feature_dim_used": 28,
  "env_name": "project_recovery",
  "severity": "moderate",
  "action_usage": {
    "0": 0.04296296296296296,
    "1": 0.028333333333333332,
    "2": 0.023703703703703703,
    "3": 0.015370370370370371,
    "4": 0.013888888888888888,
    "5": 0.015185185185185185,
    "6": 0.028148148148148148,
    "7": 0.017407407407407406,
    "8": 0.02277777777777778,
    "9": 0.05407407407407407,
    "10": 0.07444444444444444,
    "11": 0.1024074074074074,
    "12": 0.2288888888888889,
    "13": 0.041666666666666664,
    "14": 0.29074074074074074
  },
  "action_category_usage": {
    "road": 0.09499999999999999,
    "power": 0.044444444444444446,
    "comm": 0.06833333333333333,
    "mes": 0.23092592592592592,
    "feeder": 0.2288888888888889,
    "coordinated": 0.041666666666666664,
    "wait": 0.29074074074074074
  },
  "dominant_action_category": "wait",
  "late_stage_targeted_action_rate": 0.0,
  "late_stage_coordinated_action_rate": 0.0,
  "weakest_zone": "A",
  "weakest_layer": "1",
  "weakest_zone_frequency": {
    "A": 551,
    "C": 169
  },
  "stage_distribution_eval": {
    "middle": 1.0
  },
  "stage_distribution": {
    "middle": 1.0
  },
  "invalid_reason_counts_eval": {},
  "representative_eval_trace": [
    {
      "step": 0,
      "action": 10,
      "progress_delta": 0.0034999847412109375,
      "stage": "middle",
      "invalid_action": false,
      "invalid_reason": "",
      "constraint_violation": false
    },
    {
      "step": 1,
      "action": 10,
      "progress_delta": 0.003500044345855713,
      "stage": "middle",
      "invalid_action": false,
      "invalid_reason": "",
      "constraint_violation": false
    },
    {
      "step": 2,
      "action": 10,
      "progress_delta": 0.0034999847412109375,
      "stage": "middle",
      "invalid_action": false,
      "invalid_reason": "",
      "constraint_violation": false
    },
    {
      "step": 3,
      "action": 10,
      "progress_delta": 0.0034999847412109375,
      "stage": "middle",
      "invalid_action": false,
      "invalid_reason": "",
      "constraint_violation": false
    },
    {
      "step": 4,
      "action": 10,
      "progress_delta": 0.0034999847412109375,
      "stage": "middle",
      "invalid_action": false,
      "invalid_reason": "",
      "constraint_violation": false
    },
    {
      "step": 5,
      "action": 10,
      "progress_delta": 0.003500044345855713,
      "stage": "middle",
      "invalid_action": false,
      "invalid_reason": "",
      "constraint_violation": false
    },
    {
      "step": 6,
      "action": 10,
      "progress_delta": 0.0034999847412109375,
      "stage": "middle",
      "invalid_action": false,
      "invalid_reason": "",
      "constraint_violation": false
    },
    {
      "step": 7,
      "action": 0,
      "progress_delta": 0.003811091184616089,
      "stage": "middle",
      "invalid_action": false,
      "invalid_reason": "",
      "constraint_violation": false
    },
    {
      "step": 8,
      "action": 11,
      "progress_delta": 0.0034999847412109375,
      "stage": "middle",
      "invalid_action": false,
      "invalid_reason": "",
      "constraint_violation": false
    },
    {
      "step": 9,
      "action": 0,
      "progress_delta": 0.0033263862133026123,
      "stage": "middle",
      "invalid_action": false,
      "invalid_reason": "",
      "constraint_violation": false
    },
    {
      "step": 10,
      "action": 0,
      "progress_delta": 0.002836555242538452,
      "stage": "middle",
      "invalid_action": false,
      "invalid_reason": "",
      "constraint_violation": false
    },
    {
      "step": 11,
      "action": 14,
      "progress_delta": 0.0,
      "stage": "middle",
      "invalid_action": false,