{
  "episode_rewards": [
    -8.85739184677828,
    -13.197978857920097,
    -18.332951740615773,
    -16.996757781886444,
    -10.584376862095365,
    -6.854444971610039,
    -5.067354534248849,
    -10.36839734273975,
    -8.88934666533635,
    -10.598980381908548,
    -14.763030206435735,
    -13.910595720420956,
    -9.80855019409033,
    -8.556750086124525,
    -8.004629523843368,
    -6.48542647232239,
    -7.608568466864641,
    -5.1785015832330705,
    -3.0426378313300653,
    -8.751456557413597,
    -13.83047554947568,
    -7.726976797740952,
    -9.173279516748932,
    -10.706656461382812,
    -11.196604358487464,
    -10.540903275141199,
    -5.533204209940573,
    -7.980942596244437,
    -7.559695799306819,
    -6.40756304369248,
    -4.152835358191667,
    -3.9022887373466877,
    -4.129653901760752,
    -5.95298667040571,
    -5.115958945243197,
    -5.8756494708751665,
    -4.7634143829218445,
    -3.4372391250593695,
    -8.682001189842895,
    -5.086383445560605,
    -3.306471849906841,
    -2.745178906988765,
    -5.590026649085949,
    -3.784666572659812,
    -6.80269768910607,
    -4.707059065759077,
    -7.080082009703898,
    -6.077746452638708,
    -5.242572694402783,
    -8.676846883832823,
    -3.7647936733769254,
    -5.710693901323489,
    -5.450304987600709,
    -13.686115568085182,
    -6.5539811431407795,
    -5.206824742427681,
    -12.024318480626631,
    -4.215895212093181,
    -3.7967958467164786,
    -3.2504530748248093
  ],
  "eval_rewards": [
    0.5851729249861096,
    0.526879935029429,
    0.6946511516347535,
    0.47762978436192616,
    0.6015771047491587,
    0.42193968166597207,
    0.7810646234266446,
    0.8013500189827779
  ],
  "train_success_rate": 0.0,
  "eval_success_rate": 0.0,
  "success_rate": 0.0,
  "communication_recovery_ratio": 0.4618636332452297,
  "power_recovery_ratio": 0.7859289422631264,
  "road_recovery_ratio": 0.596650555729866,
  "critical_load_recovery_ratio": 0.8482987135648727,
  "min_recovery_ratio": 0.4618636332452297,
  "critical_load_shortfall": 0.15170128643512726,
  "recovery_completion_time": 90.0,
  "cumulative_reward_mean": -7.588106097781466,
  "constraint_violation_count": 0,
  "constraint_violation_rate": 0.0,
  "constraint_violation_rate_eval": 0.0,
  "train_constraint_violation_count": 110,
  "train_constraint_violation_rate": 0.020370370370370372,
  "invalid_action_count_eval": 0,
  "invalid_action_rate": 0.0,
  "invalid_action_rate_eval": 0.0,
  "wait_hold_count_eval": 216,
  "wait_hold_usage_eval": 0.3,
  "wait_hold_usage": 0.3,
  "mean_progress_delta_eval": 0.001266032705704371,
  "mean_progress_delta": 0.001266032705704371,
  "mean_stage_indicator_eval": 0.5,
  "backbone_comm_ratio": 0.44022153317928314,
  "backbone_power_ratio": 0.4317418560385704,
  "backbone_road_ratio": 0.45078158006072044,
  "mes_usage_rate": 0.23333333333333334,
  "mes_usage_rate_eval": 0.23333333333333334,
  "mes_soc_mean_end": 0.0571589139290154,
  "mes_soc_end_mean": 0.0571589139290154,
  "material_stock_mean_end": 0.15213928371667862,
  "material_stock_end_mean": 0.15213928371667862,
  "switching_capability_mean_end": 1.0,
  "switching_capability_end_mean": 1.0,
  "crew_power_status_mean_end": 1.0,
  "crew_power_status_end_mean": 1.0,
  "crew_comm_status_mean_end": 1.0,
  "crew_comm_status_end_mean": 1.0,
  "crew_road_status_mean_end": 0.7207756489515305,
  "crew_road_status_end_mean": 0.7207756489515305,
  "zone_A_power_ratio": 0.8384526520967484,
  "zone_B_power_ratio": 1.0,
  "zone_C_power_ratio": 0.5193341448903084,
  "zone_A_comm_ratio": 0.44390222430229187,
  "zone_B_comm_ratio": 0.47468285262584686,
  "zone_C_comm_ratio": 0.4670058339834213,
  "zone_A_road_ratio": 0.39159973338246346,
  "zone_B_road_ratio": 1.0,
  "zone_C_road_ratio": 0.39835188537836075,
  "zone_A_critical_load_ratio": 0.9679797813296318,
  "zone_B_critical_load_ratio": 1.0,
  "zone_C_critical_load_ratio": 0.5769163519144058,
  "task_mode_used": "critical_load_priority",
  "llm_mode_used": "real",
  "revise_module_path": "generated/static_task_modules/critical_load_priority_module.py",
  "policy_feature_dim_used": 28,
  "env_name": "project_recovery",
  "severity": "moderate",
  "action_usage": {
    "0": 0.034444444444444444,
    "1": 0.03574074074074074,
    "2": 0.016296296296296295,
    "3": 0.01425925925925926,
    "4": 0.015,
    "5": 0.014074074074074074,
    "6": 0.02074074074074074,
    "7": 0.030555555555555555,
    "8": 0.015370370370370371,
    "9": 0.10388888888888889,
    "10": 0.05962962962962963,
    "11": 0.06759259259259259,
    "12": 0.25055555555555553,
    "13": 0.03333333333333333,
    "14": 0.2885185185185185
  },
  "action_category_usage": {
    "road": 0.08648148148148148,
    "power": 0.043333333333333335,
    "comm": 0.06666666666666667,
    "mes": 0.2311111111111111,
    "feeder": 0.25055555555555553,
    "coordinated": 0.03333333333333333,
    "wait": 0.2885185185185185
  },
  "dominant_action_category": "wait",
  "late_stage_targeted_action_rate": 0.0,
  "late_stage_coordinated_action_rate": 0.0,
  "weakest_zone": "C",
  "weakest_layer": "1",
  "weakest_zone_frequency": {
    "A": 5,
    "C": 715
  },
  "stage_distribution_eval": {
    "middle": 1.0
  },
  "stage_distribution": {
    "middle": 1.0
  },
  "invalid_reason_counts_eval": {},
  "representative_eval_trace": [
    {
      "step": 0,
      "action": 10,
      "progress_delta": 0.0034999847412109375,
      "stage": "middle",
      "invalid_action": false,
      "invalid_reason": "",
      "constraint_violation": false
    },
    {
      "step": 1,
      "action": 10,
      "progress_delta": 0.003500044345855713,
      "stage": "middle",
      "invalid_action": false,
      "invalid_reason": "",
      "constraint_violation": false
    },
    {
      "step": 2,
      "action": 9,
      "progress_delta": 0.0034999847412109375,
      "stage": "middle",
      "invalid_action": false,
      "invalid_reason": "",
      "constraint_violation": false
    },
    {
      "step": 3,
      "action": 9,
      "progress_delta": 0.0034999847412109375,
      "stage": "middle",
      "invalid_action": false,
      "invalid_reason": "",
      "constraint_violation": false
    },
    {
      "step": 4,
      "action": 9,
      "progress_delta": 0.0034999847412109375,
      "stage": "middle",
      "invalid_action": false,
      "invalid_reason": "",
      "constraint_violation": false
    },
    {
      "step": 5,
      "action": 9,
      "progress_delta": 0.003500044345855713,
      "stage": "middle",
      "invalid_action": false,
      "invalid_reason": "",
      "constraint_violation": false
    },
    {
      "step": 6,
      "action": 9,
      "progress_delta": 0.0034999847412109375,
      "stage": "middle",
      "invalid_action": false,
      "invalid_reason": "",
      "constraint_violation": false
    },
    {
      "step": 7,
      "action": 1,
      "progress_delta": 0.003811091184616089,
      "stage": "middle",
      "invalid_action": false,
      "invalid_reason": "",
      "constraint_violation": false
    },
    {
      "step": 8,
      "action": 9,
      "progress_delta": 0.0034999847412109375,
      "stage": "middle",
      "invalid_action": false,
      "invalid_reason": "",
      "constraint_violation": false
    },
    {
      "step": 9,
      "action": 1,
      "progress_delta": 0.0033263862133026123,
      "stage": "middle",
      "invalid_action": false,
      "invalid_reason": "",
      "constraint_violation": false
    },
    {
      "step": 10,
      "action": 1,
      "progress_delta": 0.002836555242538452,
      "stage": "middle",
      "invalid_action": false,
      "invalid_reason": "",
      "constraint_violation": false
    },
    {
      "step": 11,
      "action": 1,
      "progress_delta": 0.002566009759902954,
      "stage": "middle",
      "invalid_action": false,
      "invalid_reason": "",
      "constraint_violation": false
    }
  ],
  "representative_eval_summary": {
    "steps": 90,