{
  "scenario": "resource_moderate",
  "methods": {
    "baseline_rl": {
      "n_total": 3,
      "n_valid": 3,
      "metrics": {
        "selection_score": {
          "mean": 0.23488792741740194,
          "std": 0.018043050567366603
        },
        "min_recovery_ratio": {
          "mean": 0.4317491551240285,
          "std": 0.027844072460850775
        },
        "critical_load_recovery_ratio": {
          "mean": 0.6557930575476753,
          "std": 0.047580604935110606
        },
        "communication_recovery_ratio": {
          "mean": 0.4888813743988673,
          "std": 0.025130950532914073
        },
        "power_recovery_ratio": {
          "mean": 0.5712009933259752,
          "std": 0.021353945831555834
        },
        "road_recovery_ratio": {
          "mean": 0.43367836707168156,
          "std": 0.03057141134363043
        },
        "constraint_violation_rate_eval": {
          "mean": 0.044444444444444446,
          "std": 0.0628539361054709
        },
        "invalid_action_rate_eval": {
          "mean": 0.044444444444444446,
          "std": 0.0628539361054709
        },
        "wait_hold_usage_eval": {
          "mean": 0.25925925925925924,
          "std": 0.15108205966200844
        },
        "mean_progress_delta_eval": {
          "mean": 0.001817344515411942,
          "std": 0.00043797571090670027
        },
        "eval_success_rate": {
          "mean": 0.0,
          "std": 0.0
        },
        "safety_capacity_index": {
          "mean": 0.667306441101763,
          "std": 0.014274875230980663
        }
      }
    },
    "single_shot_llm": {
      "n_total": 3,
      "n_valid": 2,
      "metrics": {
        "selection_score": {
          "mean": 0.347684278100729,
          "std": 0.0009931709269682676
        },
        "min_recovery_ratio": {
          "mean": 0.5891419351100922,
          "std": 5.25216261545447e-05
        },
        "critical_load_recovery_ratio": {
          "mean": 0.9178647249937057,
          "std": 0.003928904732068417
        },
        "communication_recovery_ratio": {
          "mean": 0.6360372255245844,
          "std": 5.252659320831299e-05
        },
        "power_recovery_ratio": {
          "mean": 0.8164931237697601,
          "std": 0.0007077554861704138
        },
        "road_recovery_ratio": {
          "mean": 0.5891419351100922,
          "std": 5.25216261545447e-05
        },
        "constraint_violation_rate_eval": {
          "mean": 0.0,
          "std": 0.0
        },
        "invalid_action_rate_eval": {
          "mean": 0.0,
          "std": 0.0
        },
        "wait_hold_usage_eval": {
          "mean": 0.35,
          "std": 0.0
        },
        "mean_progress_delta_eval": {
          "mean": 0.004871372878551484,
          "std": 5.505234003066756e-06
        },
        "eval_success_rate": {
          "mean": 0.0,
          "std": 0.0
        },
        "safety_capacity_index": {
          "mean": 0.8274523310363293,
          "std": 0.0013934992253780143
        }
      }
    },
    "full_outer_loop": {
      "n_total": 3,
      "n_valid": 3,
      "metrics": {
        "selection_score": {
          "mean": 0.26086497941723574,
          "std": 0.01714745055373688
        },
        "min_recovery_ratio": {
          "mean": 0.45675336983468795,
          "std": 0.01888038560304965
        },
        "critical_load_recovery_ratio": {
          "mean": 0.6770832141240438,
          "std": 0.054937046120118425
        },
        "communication_recovery_ratio": {
          "mean": 0.5065277698967192,
          "std": 0.0250775118428254
        },
        "power_recovery_ratio": {
          "mean": 0.5815619462066226,
          "std": 0.047044101304774225
        },
        "road_recovery_ratio": {
          "mean": 0.4642014569706387,
          "std": 0.026101577483967665
        },
        "constraint_violation_rate_eval": {
          "mean": 0.0,
          "std": 0.0
        },
        "invalid_action_rate_eval": {
          "mean": 0.0,
          "std": 0.0
        },
        "wait_hold_usage_eval": {
          "mean": 0.3592592592592593,
          "std": 0.1801538741780046
        },
        "mean_progress_delta_eval": {
          "mean": 0.0030437739910902798,
          "std": 0.0012430428979861375
        },
        "eval_success_rate": {
          "mean": 0.0,
          "std": 0.0
        },
        "safety_capacity_index": {
          "mean": 0.6968428043855561,
          "std": 0.025076893966660393
        }
      }
    },
    "ablation_fixed_global": {
      "n_total": 1,
      "n_valid": 1,
      "metrics": {
        "selection_score": {
          "mean": 0.34349390505419836,
          "std": 0.0
        },
        "min_recovery_ratio": {
          "mean": 0.5891944567362467,
          "std": 0.0
        },
        "critical_load_recovery_ratio": {
          "mean": 0.9010915524429746,
          "std": 0.0
        },
        "communication_recovery_ratio": {
          "mean": 0.0,
          "std": 0.0
        },
        "power_recovery_ratio": {
          "mean": 0.0,
          "std": 0.0
        },
        "road_recovery_ratio": {
          "mean": 0.0,
          "std": 0.0
        },
        "constraint_violation_rate_eval": {
          "mean": 0.0,
          "std": 0.0
        },
        "invalid_action_rate_eval": {
          "mean": 0.0,
          "std": 0.0
        },
        "wait_hold_usage_eval": {
          "mean": 0.3499999999999999,
          "std": 0.0
        },
        "mean_progress_delta_eval": {
          "mean": 0.0,
          "std": 0.0
        },
        "eval_success_rate": {
          "mean": 0.0,
          "std": 0.0
        },
        "safety_capacity_index": {
          "mean": 0.8216001032127275,
          "std": 0.0
        }
      }
    }
  },
  "notes": [
    "single_shot_llm uses rerun files under outputs/final_paper_data/reruns/resource_moderate/.",
    "baseline/full_outer_loop use existing resource_constrained_validation_20260418_final files.",
    "ablation_fixed_global per-seed files were unavailable; topic_summary aggregate used as supplemental only."
  ]
}